Workbook

Sheet overall
A1: INDICATOR | B1: MALE | C1: FEMALE | D1: TOTAL | E1: YEAR
A2: OCM | B2: =city_mayor!B2 -> 22 | C2: =city_mayor!C2 -> 20 | D2: =B2+C2 -> 42 | E2: 2024
A3: CVM | B3: 0 | C3: 2 | D3: =B3+C3 -> 2 | E3: 2024
A4: SP | B4: =sangguniang_panglungsod!B2 -> 10 | C4: =sangguniang_panglungsod!C2 -> 18 | D4: =B4+C4 -> 28 | E4: 2024
A5: ACCT | B5: =accounting!B2 -> 9 | C5: =accounting!C2 -> 15 | D5: =B5+C5 -> 24 | E5: 2024
A6: OCA | B6: 0 | C6: 1 | D6: =B6+C6 -> 1 | E6: 2024
A7: CAO | B7: =assessors!B2 -> 4 | C7: =assessors!C2 -> 8 | D7: =B7+C7 -> 12 | E7: 2024
A8: CAFO | B8: =agriculture!B2 -> 21 | C8: =agriculture!C2 -> 29 | D8: =B8+C8 -> 50 | E8: 2024
A9: CBO | B9: 5 | C9: 6 | D9: =B9+C9 -> 11 | E9: 2024
A10: CDRRMO | B10: =disaster!B2 -> 2 | C10: =disaster!C2 -> 1 | D10: =B10+C10 -> 3 | E10: 2024
A11: CEEDO | B11: 23 | C11: 7 | D11: =B11+C11 -> 30 | E11: 2024
A12: CEO | B12: 56 | C12: 18 | D12: =B12+C12 -> 74 | E12: 2024
A13: CHO | B13: 9 | C13: 27 | D13: =B13+C13 -> 36 | E13: 2024
A14: LEGAL | B14: 1 | C14: 0 | D14: =B14+C14 -> 1 | E14: 2024
A15: CSWD | B15: =social!B2 -> 4 | C15: =social!C2 -> 11 | D15: =B15+C15 -> 15 | E15: 2024
A16: CTO | B16: =treasurers!B2 -> 13 | C16: =treasurers!C2 -> 22 | D16: =B16+C16 -> 35 | E16: 2024
A17: GSO | B17: =general_services!B2 -> 23 | C17: =general_services!C2 -> 10 | D17: =B17+C17 -> 33 | E17: 2024
A18: HRMO | B18: =human_resource!B2 -> 6 | C18: =human_resource!C2 -> 10 | D18: =B18+C18 -> 16 | E18: 2024
A19: LCR | B19: 2 | C19: 5 | D19: =B19+C19 -> 7 | E19: 2024
A20: OCPS | B20: =public_service!B2 -> 72 | C20: =public_service!C2 -> 9 | D20: =B20+C20 -> 81 | E20: 2024
A21: OBO | B21: =building_official!B2 -> 10 | C21: =building_official!C2 -> 1 | D21: =B21+C21 -> 11 | E21: 2024
A22: OCPDC | B22: 4 | C22: 7 | D22: =B22+C22 -> 11 | E22: 2024
A23: OSDS | B23: =sds!B2 -> 2 | C23: =sds!C2 -> 1 | D23: =B23+C23 -> 3 | E23: 2024

Sheet engineer
A1: INDICATOR | B1: MALE | C1: FEMALE | D1: TOTAL | E1: YEAR
A2: REGULAR | B2: 56 | C2: 18 | D2: =B2+C2 -> 74 | E2: 2024

Sheet city_vice_mayor
A1: INDICATOR | B1: MALE | C1: FEMALE | D1: TOTAL | E1: YEAR
A2: REGULAR | C2: 2 | D2: =B2+C2 -> 2 | E2: 2024

Sheet sds
A1: INDICATOR | B1: MALE | C1: FEMALE | D1: TOTAL | E1: YEAR
A2: REGULAR | B2: 2 | C2: 1 | D2: =B2+C2 -> 3 | E2: 2024

Sheet city_planning
A1: INDICATOR | B1: MALE | C1: FEMALE | D1: TOTAL | E1: YEAR
A2: REGULAR | B2: 4 | C2: 7 | D2: =B2+C2 -> 11 | E2: 2024

Sheet building_official
A1: INDICATOR | B1: MALE | C1: FEMALE | D1: TOTAL | E1: YEAR
A2: REGULAR | B2: 10 | C2: 1 | D2: =B2+C2 -> 11 | E2: 2024

Sheet public_service
A1: INDICATOR | B1: MALE | C1: FEMALE | D1: TOTAL | E1: YEAR
A2: REGULAR | B2: 72 | C2: 9 | D2: =B2+C2 -> 81 | E2: 2024

Sheet local_registrar
A1: INDICATOR | B1: MALE | C1: FEMALE | D1: TOTAL | E1: YEAR
A2: REGULAR | B2: 2 | C2: 5 | D2: =B2+C2 -> 7 | E2: 2024

Sheet human_resource
A1: INDICATOR | B1: MALE | C1: FEMALE | D1: TOTAL | E1: YEAR
A2: REGULAR | B2: 6 | C2: 10 | D2: =B2+C2 -> 16 | E2: 2024

Sheet general_services
A1: INDICATOR | B1: MALE | C1: FEMALE | D1: TOTAL | E1: YEAR
A2: REGULAR | B2: 23 | C2: 10 | D2: =B2+C2 -> 33 | E2: 2024

Sheet treasurers
A1: INDICATOR | B1: MALE | C1: FEMALE | D1: TOTAL | E1: YEAR
A2: REGULAR | B2: 13 | C2: 22 | D2: =B2+C2 -> 35 | E2: 2024

Sheet social
A1: INDICATOR | B1: MALE | C1: FEMALE | D1: TOTAL | E1: YEAR
A2: REGULAR | B2: 4 | C2: 11 | D2: =B2+C2 -> 15 | E2: 2024
A3: PWD REGULAR EMPLOYEE | B3: 22 | C3: 21 | D3: =B3+C3 -> 43 | E3: 2024
A4: PWD CHILDREN | B4: 146 | C4: 90 | D4: =B4+C4 -> 236 | E4: 2024

Sheet legal
A1: INDICATOR | B1: MALE | C1: FEMALE | D1: TOTAL | E1: YEAR
A2: REGULAR | B2: 1 | C2: 0 | D2: =B2+C2 -> 1 | E2: 2024

Sheet health
A1: INDICATOR | B1: MALE | C1: FEMALE | D1: TOTAL | E1: YEAR
A2: REGULAR | B2: 9 | C2: 27 | D2: =B2+C2 -> 36 | E2: 2024

Sheet economic
A1: INDICATOR | B1: MALE | C1: FEMALE | D1: TOTAL | E1: YEAR
A2: REGULAR | B2: 23 | C2: 7 | D2: =B2+C2 -> 30 | E2: 2024

Sheet disaster
A1: INDICATOR | B1: MALE | C1: FEMALE | D1: TOTAL | E1: YEAR
A2: REGULAR | B2: 2 | C2: 1 | D2: =B2+C2 -> 3 | E2: 2024

Sheet budget
A1: INDICATOR | B1: MALE | C1: FEMALE | D1: TOTAL | E1: YEAR
A2: REGULAR | B2: 5 | C2: 6 | D2: =B2+C2 -> 11 | E2: 2024

Sheet city_mayor
A1: INDICATOR | B1: MALE | C1: FEMALE | D1: TOTAL | E1: YEAR
A2: REGULAR | B2: 22 | C2: 20 | D2: =B2+C2 -> 42 | E2: 2024

Sheet sangguniang_panglungsod
A1: INDICATOR | B1: MALE | C1: FEMALE | D1: TOTAL | E1: YEAR
A2: REGULAR | B2: 10 | C2: 18 | D2: =B2+C2 -> 28 | E2: 2024
A3: JOB ORDER | B3: 21 | C3: 26 | D3: =B3+C3 -> 47 | E3: 2024

Sheet accounting
A1: INDICATOR | B1: MALE | C1: FEMALE | D1: TOTAL | E1: YEAR
A2: REGULAR | B2: 9 | C2: 15 | D2: =B2+C2 -> 24 | E2: 2024

Sheet administrator
A1: INDICATOR | B1: MALE | C1: FEMALE | D1: TOTAL | E1: YEAR
A2: REGULAR | B2: 0 | C2: 1 | D2: =B2+C2 -> 1 | E2: 2024

Sheet assessors
A1: INDICATOR | B1: MALE | C1: FEMALE | D1: TOTAL | E1: YEAR
A2: REGULAR | B2: 4 | C2: 8 | D2: =B2+C2 -> 12 | E2: 2024

Sheet agriculture
A1: INDICATOR | B1: MALE | C1: FEMALE | D1: TOTAL | E1: YEAR
A2: REGULAR | B2: 21 | C2: 29 | D2: =B2+C2 -> 50 | E2: 2024
